Workbook

Sheet EMPLOYEE MASTER
A1: EMPLOYEE LEAVE MANAGEMENT SYSTEM
A2: EMPLOYEE ID | B2: EMPLOYEE NAME | C2: DEPARTMENT | D2: DATE OF JOINING | E2: ANNUAL LEAVE | F2: SICK LEAVE | G2: CASUAL LEAVE
A3: E001 | B3: Rahul Nair | C3: Logistics | D3: 44571 | E3: 18 | F3: 10 | G3: 7
A4: E002 | B4: Anjali Menon | C4: Accounts | D4: 44260 | E4: 18 | F4: 10 | G4: 7
A5: E003 | B5: Arjun Kumar | C5: Operations | D5: 43994 | E5: 18 | F5: 10 | G5: 7
A6: E004 | B6: Sneha Pillai | C6: HR | D6: 43695 | E6: 18 | F6: 10 | G6: 7
A7: E005 | B7: Vishnu Das | C7: Logistics | D7: 44890 | E7: 18 | F7: 10 | G7: 7
A8: E006 | B8: Neha Sharma | C8: Accounts | D8: 44229 | E8: 18 | F8: 10 | G8: 7
A9: E007 | B9: Rohit Verma | C9: Sales | D9: 44026 | E9: 18 | F9: 10 | G9: 7
A10: E008 | B10: Priya Iyer | C10: HR | D10: 43717 | E10: 18 | F10: 10 | G10: 7
A11: E009 | B11: Akash Singh | C11: Operations | D11: 44947 | E11: 18 | F11: 10 | G11: 7
A12: E010 | B12: Kavya Nair | C12: Logistics | D12: 44697 | E12: 18 | F12: 10 | G12: 7
A13: E011 | B13: Suresh Kumar | C13: Accounts | D13: 43901 | E13: 18 | F13: 10 | G13: 7
A14: E012 | B14: Aditi Rao | C14: Sales | D14: 44496 | E14: 18 | F14: 10 | G14: 7
... A41: E039 | B41: Naveen Kumar | C41: Logistics | D41: 43573 | E41: 18 | F41: 10 | G41: 7

Sheet leave appication
A1: Employee Id | B1: Leave_Type | C1: Start Date | D1: End Date | E1: No of Days | F1: Status
A2: E001 | B2: Sick | C2: 45658 | D2: 45666 | E2: =D2-C2+1 -> 9 | F2: Pending
A3: E002 | B3: Annual | C3: 45667 | D3: 45671 | E3: =D3-C3+1 -> 5 | F3: Approved
A4: E003 | B4: Casual | C4: 45662 | D4: 45690 | E4: =D4-C4+1 -> 29 | F4: Rejected
A5: E004 | B5: Sick | C5: 45675 | D5: 45676 | E5: =D5-C5+1 -> 2 | F5: Approved
A6: E005 | B6: Annual | C6: 45679 | D6: 45693 | E6: =D6-C6+1 -> 15 | F6: Approved
A7: E006 | B7: Casual | C7: 45690 | D7: 45690 | E7: =D7-C7+1 -> 1 | F7: Approved
A8: E007 | B8: Sick | C8: 45698 | D8: 45699 | E8: =D8-C8+1 -> 2 | F8: Pending
A9: E008 | B9: Annual | C9: 45706 | D9: 45710 | E9: =D9-C9+1 -> 5 | F9: Approved
A10: E009 | B10: Casual | C10: 45717 | D10: 45717 | E10: =D10-C10+1 -> 1 | F10: Approved
A11: E010 | B11: Sick | C11: 45724 | D11: 45725 | E11: =D11-C11+1 -> 2 | F11: Rejected
A12: E011 | B12: Annual | C12: 45731 | D12: 45735 | E12: =D12-C12+1 -> 5 | F12: Approved
A13: E012 | B13: Casual | C13: 45741 | D13: 45749 | E13: =D13-C13+1 -> 9 | F13: Rejected
... A24: E020 | B24: Sick | C24: 45779 | D24: 45786 | E24: =D24-C24+1 -> 8 | F24: Approved

Sheet Leave_Balance
A1: Employee_ID | B1: Leave_Type | C1: TOTAL LEAVE | D1: USED LEAVES | E1: REMAINING LEAVES | F1: EMPLOYEE NAME
A2: E001 | B2: =_xlfn.IFNA(VLOOKUP(Table1[[#This Row],[Employee_ID]],'leave appication'!$A$1:$B$30,2,FALSE),"NOT IN LIST") -> Sick | C2: =IF(B2="Annual",VLOOKUP(A2,'EMPLOYEE MASTER'!A:G,5,FALSE),IF(B2="Casual",VLOOKUP(A2,'EMPLOYEE MASTER'!A:G,7,FALSE),IF(B2="Sick",VLOOKUP(A2,'EMPLOYEE MASTER'!A:G,6,FALSE),""))) -> 10 | D2: {=SUMPRODUCT(('leave appication'!$A$2:$A$100=$A2)*('leave appication'!$B$2:$B$100=$B2)*('leave appication'!$F$2:$F$100="Approved")*('leave appication'!$E$2:$E$100))} -> 0 | E2: =MAX(0,Leave_Balance!C2-Leave_Balance!D2) -> 10 | F2: =IFERROR(VLOOKUP(A2,'EMPLOYEE MASTER'!A2:C41,2,FALSE),"") -> Rahul Nair
A3: E007 | B3: =_xlfn.IFNA(VLOOKUP(Table1[[#This Row],[Employee_ID]],'leave appication'!$A$1:$B$30,2,FALSE),"NOT IN LIST") -> Sick | C3: =IF(B3="Annual",VLOOKUP(A3,'EMPLOYEE MASTER'!A:G,5,FALSE),IF(B3="Casual",VLOOKUP(A3,'EMPLOYEE MASTER'!A:G,7,FALSE),IF(B3="Sick",VLOOKUP(A3,'EMPLOYEE MASTER'!A:G,6,FALSE),""))) -> 10 | D3: {=SUMPRODUCT(('leave appication'!$A$2:$A$100=$A3)*('leave appication'!$B$2:$B$100=$B3)*('leave appication'!$F$2:$F$100="Approved")*('leave appication'!$E$2:$E$100))} -> 0 | E3: =MAX(0,Leave_Balance!C3-Leave_Balance!D3) -> 10 | F3: =IFERROR(VLOOKUP(A3,'EMPLOYEE MASTER'!A3:C42,2,FALSE),"") -> Rohit Verma
A4: E005 | B4: =_xlfn.IFNA(VLOOKUP(Table1[[#This Row],[Employee_ID]],'leave appication'!$A$1:$B$30,2,FALSE),"NOT IN LIST") -> Annual | C4: =IF(B4="Annual",VLOOKUP(A4,'EMPLOYEE MASTER'!A:G,5,FALSE),IF(B4="Casual",VLOOKUP(A4,'EMPLOYEE MASTER'!A:G,7,FALSE),IF(B4="Sick",VLOOKUP(A4,'EMPLOYEE MASTER'!A:G,6,FALSE),""))) -> 18 | D4: {=SUMPRODUCT(('leave appication'!$A$2:$A$100=$A4)*('leave appication'!$B$2:$B$100=$B4)*('leave appication'!$F$2:$F$100="Approved")*('leave appication'!$E$2:$E$100))} -> 15 | E4: =MAX(0,Leave_Balance!C4-Leave_Balance!D4) -> 3 | F4: =IFERROR(VLOOKUP(A4,'EMPLOYEE MASTER'!A4:C43,2,FALSE),"") -> Vishnu Das
A5: E009 | B5: =_xlfn.IFNA(VLOOKUP(Table1[[#This Row],[Employee_ID]],'leave appication'!$A$1:$B$30,2,FALSE),"NOT IN LIST") -> Casual | C5: =IF(B5="Annual",VLOOKUP(A5,'EMPLOYEE MASTER'!A:G,5,FALSE),IF(B5="Casual",VLOOKUP(A5,'EMPLOYEE MASTER'!A:G,7,FALSE),IF(B5="Sick",VLOOKUP(A5,'EMPLOYEE MASTER'!A:G,6,FALSE),""))) -> 7 | D5: {=SUMPRODUCT(('leave appication'!$A$2:$A$100=$A5)*('leave appication'!$B$2:$B$100=$B5)*('leave appication'!$F$2:$F$100="Approved")*('leave appication'!$E$2:$E$100))} -> 1 | E5: =MAX(0,Leave_Balance!C5-Leave_Balance!D5) -> 6 | F5: =IFERROR(VLOOKUP(A5,'EMPLOYEE MASTER'!A5:C44,2,FALSE),"") -> Akash Singh
A6: E010 | B6: =_xlfn.IFNA(VLOOKUP(Table1[[#This Row],[Employee_ID]],'leave appication'!$A$1:$B$30,2,FALSE),"NOT IN LIST") -> Sick | C6: =IF(B6="Annual",VLOOKUP(A6,'EMPLOYEE MASTER'!A:G,5,FALSE),IF(B6="Casual",VLOOKUP(A6,'EMPLOYEE MASTER'!A:G,7,FALSE),IF(B6="Sick",VLOOKUP(A6,'EMPLOYEE MASTER'!A:G,6,FALSE),""))) -> 10 | D6: {=SUMPRODUCT(('leave appication'!$A$2:$A$100=$A6)*('leave appication'!$B$2:$B$100=$B6)*('leave appication'!$F$2:$F$100="Approved")*('leave appication'!$E$2:$E$100))} -> 0 | E6: =MAX(0,Leave_Balance!C6-Leave_Balance!D6) -> 10 | F6: =IFERROR(VLOOKUP(A6,'EMPLOYEE MASTER'!A6:C45,2,FALSE),"") -> Kavya Nair
A7: E011 | B7: =_xlfn.IFNA(VLOOKUP(Table1[[#This Row],[Employee_ID]],'leave appication'!$A$1:$B$30,2,FALSE),"NOT IN LIST") -> Annual | C7: =IF(B7="Annual",VLOOKUP(A7,'EMPLOYEE MASTER'!A:G,5,FALSE),IF(B7="Casual",VLOOKUP(A7,'EMPLOYEE MASTER'!A:G,7,FALSE),IF(B7="Sick",VLOOKUP(A7,'EMPLOYEE MASTER'!A:G,6,FALSE),""))) -> 18 | D7: {=SUMPRODUCT(('leave appication'!$A$2:$A$100=$A7)*('leave appication'!$B$2:$B$100=$B7)*('leave appication'!$F$2:$F$100="Approved")*('leave appication'!$E$2:$E$100))} -> 5 | E7: =MAX(0,Leave_Balance!C7-Leave_Balance!D7) -> 13 | F7: =IFERROR(VLOOKUP(A7,'EMPLOYEE MASTER'!A7:C46,2,FALSE),"") -> Suresh Kumar
A8: E012 | B8: =_xlfn.IFNA(VLOOKUP(Table1[[#This Row],[Employee_ID]],'leave appication'!$A$1:$B$30,2,FALSE),"NOT IN LIST") -> Casual | C8: =IF(B8="Annual",VLOOKUP(A8,'EMPLOYEE MASTER'!A:G,5,FALSE),IF(B8="Casual",VLOOKUP(A8,'EMPLOYEE MASTER'!A:G,7,FALSE),IF(B8="Sick",VLOOKUP(A8,'EMPLOYEE MASTER'!A:G,6,FALSE),""))) -> 7 | D8: {=SUMPRODUCT(('leave appication'!$A$2:$A$100=$A8)*('leave appication'!$B$2:$B$100=$B8)*('leave appication'!$F$2:$F$100="Approved")*('leave appication'!$E$2:$E$100))} -> 0 | E8: =MAX(0,Leave_Balance!C8-Leave_Balance!D8) -> 7 | F8: =IFERROR(VLOOKUP(A8,'EMPLOYEE MASTER'!A8:C47,2,FALSE),"") -> Aditi Rao
A9: E013 | B9: =_xlfn.IFNA(VLOOKUP(Table1[[#This Row],[Employee_ID]],'leave appication'!$A$1:$B$30,2,FALSE),"NOT IN LIST") -> Sick | C9: =IF(B9="Annual",VLOOKUP(A9,'EMPLOYEE MASTER'!A:G,5,FALSE),IF(B9="Casual",VLOOKUP(A9,'EMPLOYEE MASTER'!A:G,7,FALSE),IF(B9="Sick",VLOOKUP(A9,'EMPLOYEE MASTER'!A:G,6,FALSE),""))) -> 10 | D9: {=SUMPRODUCT(('leave appication'!$A$2:$A$100=$A9)*('leave appication'!$B$2:$B$100=$B9)*('leave appication'!$F$2:$F$100="Approved")*('leave appication'!$E$2:$E$100))} -> 12 | E9: =MAX(0,Leave_Balance!C9-Leave_Balance!D9) -> 0 | F9: =IFERROR(VLOOKUP(A9,'EMPLOYEE MASTER'!A9:C48,2,FALSE),"") -> Manish Gupta
A10: E014 | B10: =_xlfn.IFNA(VLOOKUP(Table1[[#This Row],[Employee_ID]],'leave appication'!$A$1:$B$30,2,FALSE),"NOT IN LIST") -> Annual | C10: =IF(B10="Annual",VLOOKUP(A10,'EMPLOYEE MASTER'!A:G,5,FALSE),IF(B10="Casual",VLOOKUP(A10,'EMPLOYEE MASTER'!A:G,7,FALSE),IF(B10="Sick",VLOOKUP(A10,'EMPLOYEE MASTER'!A:G,6,FALSE),""))) -> 18 | D10: {=SUMPRODUCT(('leave appication'!$A$2:$A$100=$A10)*('leave appication'!$B$2:$B$100=$B10)*('leave appication'!$F$2:$F$100="Approved")*('leave appication'!$E$2:$E$100))} -> 0 | E10: =MAX(0,Leave_Balance!C10-Leave_Balance!D10) -> 18 | F10: =IFERROR(VLOOKUP(A10,'EMPLOYEE MASTER'!A10:C49,2,FALSE),"") -> Deepa Menon
A11: E012 | B11: =_xlfn.IFNA(VLOOKUP(Table1[[#This Row],[Employee_ID]],'leave appication'!$A$1:$B$30,2,FALSE),"NOT IN LIST") -> Casual | C11: =IF(B11="Annual",VLOOKUP(A11,'EMPLOYEE MASTER'!A:G,5,FALSE),IF(B11="Casual",VLOOKUP(A11,'EMPLOYEE MASTER'!A:G,7,FALSE),IF(B11="Sick",VLOOKUP(A11,'EMPLOYEE MASTER'!A:G,6,FALSE),""))) -> 7 | D11: {=SUMPRODUCT(('leave appication'!$A$2:$A$100=$A11)*('leave appication'!$B$2:$B$100=$B11)*('leave appication'!$F$2:$F$100="Approved")*('leave appication'!$E$2:$E$100))} -> 0 | E11: =MAX(0,Leave_Balance!C11-Leave_Balance!D11) -> 7 | F11: =IFERROR(VLOOKUP(A11,'EMPLOYEE MASTER'!A11:C50,2,FALSE),"") -> Aditi Rao
A12: E016 | B12: =_xlfn.IFNA(VLOOKUP(Table1[[#This Row],[Employee_ID]],'leave appication'!$A$1:$B$30,2,FALSE),"NOT IN LIST") -> Sick | C12: =IF(B12="Annual",VLOOKUP(A12,'EMPLOYEE MASTER'!A:G,5,FALSE),IF(B12="Casual",VLOOKUP(A12,'EMPLOYEE MASTER'!A:G,7,FALSE),IF(B12="Sick",VLOOKUP(A12,'EMPLOYEE MASTER'!A:G,6,FALSE),""))) -> 10 | D12: {=SUMPRODUCT(('leave appication'!$A$2:$A$100=$A12)*('leave appication'!$B$2:$B$100=$B12)*('leave appication'!$F$2:$F$100="Approved")*('leave appication'!$E$2:$E$100))} -> 0 | E12: =MAX(0,Leave_Balance!C12-Leave_Balance!D12) -> 10 | F12: =IFERROR(VLOOKUP(A12,'EMPLOYEE MASTER'!A12:C51,2,FALSE),"") -> Ritu Malhotra
A13: E017 | B13: =_xlfn.IFNA(VLOOKUP(Table1[[#This Row],[Employee_ID]],'leave appication'!$A$1:$B$30,2,FALSE),"NOT IN LIST") -> Annual | C13: =IF(B13="Annual",VLOOKUP(A13,'EMPLOYEE MASTER'!A:G,5,FALSE),IF(B13="Casual",VLOOKUP(A13,'EMPLOYEE MASTER'!A:G,7,FALSE),IF(B13="Sick",VLOOKUP(A13,'EMPLOYEE MASTER'!A:G,6,FALSE),""))) -> 18 | D13: {=SUMPRODUCT(('leave appication'!$A$2:$A$100=$A13)*('leave appication'!$B$2:$B$100=$B13)*('leave appication'!$F$2:$F$100="Approved")*('leave appication'!$E$2:$E$100))} -> 0 | E13: =MAX(0,Leave_Balance!C13-Leave_Balance!D13) -> 18 | F13: =IFERROR(VLOOKUP(A13,'EMPLOYEE MASTER'!A13:C52,2,FALSE),"") -> Sanjay Rao
... A17: E007 | B17: =_xlfn.IFNA(VLOOKUP(Table1[[#This Row],[Employee_ID]],'leave appication'!$A$1:$B$30,2,FALSE),"NOT IN LIST") -> Sick | C17: =IF(B17="Annual",VLOOKUP(A17,'EMPLOYEE MASTER'!A:G,5,FALSE),IF(B17="Casual",VLOOKUP(A17,'EMPLOYEE MASTER'!A:G,7,FALSE),IF(B17="Sick",VLOOKUP(A17,'EMPLOYEE MASTER'!A:G,6,FALSE),""))) -> 10 | D17: {=SUMPRODUCT(('leave appication'!$A$2:$A$100=$A17)*('leave appication'!$B$2:$B$100=$B17)*('leave appication'!$F$2:$F$100="Approved")*('leave appication'!$E$2:$E$100))} -> 0 | E17: =MAX(0,Leave_Balance!C17-Leave_Balance!D17) -> 10 | F17: =IFERROR(VLOOKUP(A17,'EMPLOYEE MASTER'!A17:C56,2,FALSE),"")
C18: =IF(B18="Annual",VLOOKUP(A18,'EMPLOYEE MASTER'!A:G,5,FALSE),IF(B18="Casual",VLOOKUP(A18,'EMPLOYEE MASTER'!A:G,7,FALSE),IF(B18="Sick",VLOOKUP(A18,'EMPLOYEE MASTER'!A:G,6,FALSE),""))) | F18: =IFERROR(VLOOKUP(A18,'EMPLOYEE MASTER'!A30:C69,2,FALSE),"")
C19: =IF(B19="Annual",VLOOKUP(A19,'EMPLOYEE MASTER'!A:G,5,FALSE),IF(B19="Casual",VLOOKUP(A19,'EMPLOYEE MASTER'!A:G,7,FALSE),IF(B19="Sick",VLOOKUP(A19,'EMPLOYEE MASTER'!A:G,6,FALSE),""))) | F19: =IFERROR(VLOOKUP(A19,'EMPLOYEE MASTER'!A31:C70,2,FALSE),"")
C20: =IF(B20="Annual",VLOOKUP(A20,'EMPLOYEE MASTER'!A:G,5,FALSE),IF(B20="Casual",VLOOKUP(A20,'EMPLOYEE MASTER'!A:G,7,FALSE),IF(B20="Sick",VLOOKUP(A20,'EMPLOYEE MASTER'!A:G,6,FALSE),""))) | F20: =IFERROR(VLOOKUP(A20,'EMPLOYEE MASTER'!A32:C71,2,FALSE),"")
C21: =IF(B21="Annual",VLOOKUP(A21,'EMPLOYEE MASTER'!A:G,5,FALSE),IF(B21="Casual",VLOOKUP(A21,'EMPLOYEE MASTER'!A:G,7,FALSE),IF(B21="Sick",VLOOKUP(A21,'EMPLOYEE MASTER'!A:G,6,FALSE),""))) | F21: =IFERROR(VLOOKUP(A21,'EMPLOYEE MASTER'!A33:C72,2,FALSE),"")
C22: =IF(B22="Annual",VLOOKUP(A22,'EMPLOYEE MASTER'!A:G,5,FALSE),IF(B22="Casual",VLOOKUP(A22,'EMPLOYEE MASTER'!A:G,7,FALSE),IF(B22="Sick",VLOOKUP(A22,'EMPLOYEE MASTER'!A:G,6,FALSE),""))) | F22: =IFERROR(VLOOKUP(A22,'EMPLOYEE MASTER'!A34:C73,2,FALSE),"")
C23: =IF(B23="Annual",VLOOKUP(A23,'EMPLOYEE MASTER'!A:G,5,FALSE),IF(B23="Casual",VLOOKUP(A23,'EMPLOYEE MASTER'!A:G,7,FALSE),IF(B23="Sick",VLOOKUP(A23,'EMPLOYEE MASTER'!A:G,6,FALSE),""))) | F23: =IFERROR(VLOOKUP(A23,'EMPLOYEE MASTER'!A35:C74,2,FALSE),"")
C24: =IF(B24="Annual",VLOOKUP(A24,'EMPLOYEE MASTER'!A:G,5,FALSE),IF(B24="Casual",VLOOKUP(A24,'EMPLOYEE MASTER'!A:G,7,FALSE),IF(B24="Sick",VLOOKUP(A24,'EMPLOYEE MASTER'!A:G,6,FALSE),""))) | F24: =IFERROR(VLOOKUP(A24,'EMPLOYEE MASTER'!A36:C75,2,FALSE),"")
C25: =IF(B25="Annual",VLOOKUP(A25,'EMPLOYEE MASTER'!A:G,5,FALSE),IF(B25="Casual",VLOOKUP(A25,'EMPLOYEE MASTER'!A:G,7,FALSE),IF(B25="Sick",VLOOKUP(A25,'EMPLOYEE MASTER'!A:G,6,FALSE),""))) | F25: =IFERROR(VLOOKUP(A25,'EMPLOYEE MASTER'!A37:C76,2,FALSE),"")
C26: =IF(B26="Annual",VLOOKUP(A26,'EMPLOYEE MASTER'!A:G,5,FALSE),IF(B26="Casual",VLOOKUP(A26,'EMPLOYEE MASTER'!A:G,7,FALSE),IF(B26="Sick",VLOOKUP(A26,'EMPLOYEE MASTER'!A:G,6,FALSE),""))) | F26: =IFERROR(VLOOKUP(A26,'EMPLOYEE MASTER'!A38:C77,2,FALSE),"")
C27: =IF(B27="Annual",VLOOKUP(A27,'EMPLOYEE MASTER'!A:G,5,FALSE),IF(B27="Casual",VLOOKUP(A27,'EMPLOYEE MASTER'!A:G,7,FALSE),IF(B27="Sick",VLOOKUP(A27,'EMPLOYEE MASTER'!A:G,6,FALSE),""))) | F27: =IFERROR(VLOOKUP(A27,'EMPLOYEE MASTER'!A39:C78,2,FALSE),"")
C28: =IF(B28="Annual",VLOOKUP(A28,'EMPLOYEE MASTER'!A:G,5,FALSE),IF(B28="Casual",VLOOKUP(A28,'EMPLOYEE MASTER'!A:G,7,FALSE),IF(B28="Sick",VLOOKUP(A28,'EMPLOYEE MASTER'!A:G,6,FALSE),""))) | F28: =IFERROR(VLOOKUP(A28,'EMPLOYEE MASTER'!A40:C79,2,FALSE),"")

Sheet leave summary
A1: Employee_ID | B1: Employee Name | C1: Department | D1: Annual_Remaining | E1: Casual_Remaining | F1: Sick_Remaining | G1: Total_Remaining
A2: E001 | B2: =IFERROR(VLOOKUP(A2,'EMPLOYEE MASTER'!A:D,2,FALSE),"") -> Rahul Nair | C2: =IFERROR(VLOOKUP('leave summary'!A2,'EMPLOYEE MASTER'!$A$2:$C$41,3,0),"") -> Logistics | D2: =SUMIFS(Leave_Balance!E:E,Leave_Balance!A:A,A2,Leave_Balance!B:B,"Annual") -> 0 | E2: =SUMIFS(Leave_Balance!E:E,Leave_Balance!A:A,A2,Leave_Balance!B:B,"Casual") -> 0 | F2: =SUMIFS(Leave_Balance!E:E,Leave_Balance!A:A,A2,Leave_Balance!B:B,"Sick") -> 10 | G2: =D2+E2+F2 -> 10
A3: E002 | B3: =IFERROR(VLOOKUP(A3,'EMPLOYEE MASTER'!A:D,2,FALSE),"") -> Anjali Menon | C3: =IFERROR(VLOOKUP('leave summary'!A3,'EMPLOYEE MASTER'!$A$2:$C$41,3,0),"") -> Accounts | D3: =SUMIFS(Leave_Balance!E:E,Leave_Balance!A:A,A3,Leave_Balance!B:B,"Annual") -> 13 | E3: =SUMIFS(Leave_Balance!E:E,Leave_Balance!A:A,A3,Leave_Balance!B:B,"Casual") -> 0 | F3: =SUMIFS(Leave_Balance!E:E,Leave_Balance!A:A,A3,Leave_Balance!B:B,"Sick") -> 0 | G3: =D3+E3+F3 -> 13
A4: E003 | B4: =IFERROR(VLOOKUP(A4,'EMPLOYEE MASTER'!A:D,2,FALSE),"") -> Arjun Kumar | C4: =IFERROR(VLOOKUP('leave summary'!A4,'EMPLOYEE MASTER'!$A$2:$C$41,3,0),"") -> Operations | D4: =SUMIFS(Leave_Balance!E:E,Leave_Balance!A:A,A4,Leave_Balance!B:B,"Annual") -> 0 | E4: =SUMIFS(Leave_Balance!E:E,Leave_Balance!A:A,A4,Leave_Balance!B:B,"Casual") -> 7 | F4: =SUMIFS(Leave_Balance!E:E,Leave_Balance!A:A,A4,Leave_Balance!B:B,"Sick") -> 0 | G4: =D4+E4+F4 -> 7
A5: E004 | B5: =IFERROR(VLOOKUP(A5,'EMPLOYEE MASTER'!A:D,2,FALSE),"") -> Sneha Pillai | C5: =IFERROR(VLOOKUP('leave summary'!A5,'EMPLOYEE MASTER'!$A$2:$C$41,3,0),"") -> HR | D5: =SUMIFS(Leave_Balance!E:E,Leave_Balance!A:A,A5,Leave_Balance!B:B,"Annual") -> 0 | E5: =SUMIFS(Leave_Balance!E:E,Leave_Balance!A:A,A5,Leave_Balance!B:B,"Casual") -> 0 | F5: =SUMIFS(Leave_Balance!E:E,Leave_Balance!A:A,A5,Leave_Balance!B:B,"Sick") -> 0 | G5: =D5+E5+F5 -> 0
A6: E005 | B6: =IFERROR(VLOOKUP(A6,'EMPLOYEE MASTER'!A:D,2,FALSE),"") -> Vishnu Das | C6: =IFERROR(VLOOKUP('leave summary'!A6,'EMPLOYEE MASTER'!$A$2:$C$41,3,0),"") -> Logistics | D6: =SUMIFS(Leave_Balance!E:E,Leave_Balance!A:A,A6,Leave_Balance!B:B,"Annual") -> 3 | E6: =SUMIFS(Leave_Balance!E:E,Leave_Balance!A:A,A6,Leave_Balance!B:B,"Casual") -> 0 | F6: =SUMIFS(Leave_Balance!E:E,Leave_Balance!A:A,A6,Leave_Balance!B:B,"Sick") -> 0 | G6: =D6+E6+F6 -> 3
A7: E006 | B7: =IFERROR(VLOOKUP(A7,'EMPLOYEE MASTER'!A:D,2,FALSE),"") -> Neha Sharma | C7: =IFERROR(VLOOKUP('leave summary'!A7,'EMPLOYEE MASTER'!$A$2:$C$41,3,0),"") -> Accounts | D7: =SUMIFS(Leave_Balance!E:E,Leave_Balance!A:A,A7,Leave_Balance!B:B,"Annual") -> 0 | E7: =SUMIFS(Leave_Balance!E:E,Leave_Balance!A:A,A7,Leave_Balance!B:B,"Casual") -> 0 | F7: =SUMIFS(Leave_Balance!E:E,Leave_Balance!A:A,A7,Leave_Balance!B:B,"Sick") -> 0 | G7: =D7+E7+F7 -> 0
A8: E007 | B8: =IFERROR(VLOOKUP(A8,'EMPLOYEE MASTER'!A:D,2,FALSE),"") -> Rohit Verma | C8: =IFERROR(VLOOKUP('leave summary'!A8,'EMPLOYEE MASTER'!$A$2:$C$41,3,0),"") -> Sales | D8: =SUMIFS(Leave_Balance!E:E,Leave_Balance!A:A,A8,Leave_Balance!B:B,"Annual") -> 0 | E8: =SUMIFS(Leave_Balance!E:E,Leave_Balance!A:A,A8,Leave_Balance!B:B,"Casual") -> 0 | F8: =SUMIFS(Leave_Balance!E:E,Leave_Balance!A:A,A8,Leave_Balance!B:B,"Sick") -> 20 | G8: =D8+E8+F8 -> 20
A9: E008 | B9: =IFERROR(VLOOKUP(A9,'EMPLOYEE MASTER'!A:D,2,FALSE),"") -> Priya Iyer | C9: =IFERROR(VLOOKUP('leave summary'!A9,'EMPLOYEE MASTER'!$A$2:$C$41,3,0),"") -> HR | D9: =SUMIFS(Leave_Balance!E:E,Leave_Balance!A:A,A9,Leave_Balance!B:B,"Annual") -> 0 | E9: =SUMIFS(Leave_Balance!E:E,Leave_Balance!A:A,A9,Leave_Balance!B:B,"Casual") -> 0 | F9: =SUMIFS(Leave_Balance!E:E,Leave_Balance!A:A,A9,Leave_Balance!B:B,"Sick") -> 0 | G9: =D9+E9+F9 -> 0
A10: E009 | B10: =IFERROR(VLOOKUP(A10,'EMPLOYEE MASTER'!A:D,2,FALSE),"") -> Akash Singh | C10: =IFERROR(VLOOKUP('leave summary'!A10,'EMPLOYEE MASTER'!$A$2:$C$41,3,0),"") -> Operations | D10: =SUMIFS(Leave_Balance!E:E,Leave_Balance!A:A,A10,Leave_Balance!B:B,"Annual") -> 0 | E10: =SUMIFS(Leave_Balance!E:E,Leave_Balance!A:A,A10,Leave_Balance!B:B,"Casual") -> 6 | F10: =SUMIFS(Leave_Balance!E:E,Leave_Balance!A:A,A10,Leave_Balance!B:B,"Sick") -> 0 | G10: =D10+E10+F10 -> 6
A11: E036 | B11: =IFERROR(VLOOKUP(A11,'EMPLOYEE MASTER'!A:D,2,FALSE),"") -> Snehal Patil | C11: =IFERROR(VLOOKUP('leave summary'!A11,'EMPLOYEE MASTER'!$A$2:$C$41,3,0),"") -> HR | D11: =SUMIFS(Leave_Balance!E:E,Leave_Balance!A:A,A11,Leave_Balance!B:B,"Annual") -> 0 | E11: =SUMIFS(Leave_Balance!E:E,Leave_Balance!A:A,A11,Leave_Balance!B:B,"Casual") -> 0 | F11: =SUMIFS(Leave_Balance!E:E,Leave_Balance!A:A,A11,Leave_Balance!B:B,"Sick") -> 0 | G11: =D11+E11+F11 -> 0
A12: E037 | B12: =IFERROR(VLOOKUP(A12,'EMPLOYEE MASTER'!A:D,2,FALSE),"") -> Karthik R | C12: =IFERROR(VLOOKUP('leave summary'!A12,'EMPLOYEE MASTER'!$A$2:$C$41,3,0),"") -> Operations | D12: =SUMIFS(Leave_Balance!E:E,Leave_Balance!A:A,A12,Leave_Balance!B:B,"Annual") -> 0 | E12: =SUMIFS(Leave_Balance!E:E,Leave_Balance!A:A,A12,Leave_Balance!B:B,"Casual") -> 0 | F12: =SUMIFS(Leave_Balance!E:E,Leave_Balance!A:A,A12,Leave_Balance!B:B,"Sick") -> 0 | G12: =D12+E12+F12 -> 0
A13: E030 | B13: =IFERROR(VLOOKUP(A13,'EMPLOYEE MASTER'!A:D,2,FALSE),"") -> Anusha Pillai | C13: =IFERROR(VLOOKUP('leave summary'!A13,'EMPLOYEE MASTER'!$A$2:$C$41,3,0),"") -> HR | D13: =SUMIFS(Leave_Balance!E:E,Leave_Balance!A:A,A13,Leave_Balance!B:B,"Annual") -> 0 | E13: =SUMIFS(Leave_Balance!E:E,Leave_Balance!A:A,A13,Leave_Balance!B:B,"Casual") -> 0 | F13: =SUMIFS(Leave_Balance!E:E,Leave_Balance!A:A,A13,Leave_Balance!B:B,"Sick") -> 0 | G13: =D13+E13+F13 -> 0
... A15: E001 | B15: =IFERROR(VLOOKUP(A15,'EMPLOYEE MASTER'!A:D,2,FALSE),"") -> Rahul Nair | C15: =IFERROR(VLOOKUP('leave summary'!A15,'EMPLOYEE MASTER'!$A$2:$C$41,3,0),"") -> Logistics | D15: =SUMIFS(Leave_Balance!E:E,Leave_Balance!A:A,A15,Leave_Balance!B:B,"Annual") -> 0 | E15: =SUMIFS(Leave_Balance!E:E,Leave_Balance!A:A,A15,Leave_Balance!B:B,"Casual") -> 0 | F15: =SUMIFS(Leave_Balance!E:E,Leave_Balance!A:A,A15,Leave_Balance!B:B,"Sick") -> 10 | G15: =D15+E15+F15 -> 10
B16: =IFERROR(VLOOKUP(A16,'EMPLOYEE MASTER'!A:D,2,FALSE),"") | C16: =IFERROR(VLOOKUP('leave summary'!A16,'EMPLOYEE MASTER'!$A$2:$C$41,3,0),"")
B36: =IFERROR(VLOOKUP(A36,'EMPLOYEE MASTER'!A:D,2,FALSE),"") | C36: =IFERROR(VLOOKUP('leave summary'!A36,'EMPLOYEE MASTER'!$A$2:$C$41,3,0),"")
B37: =IFERROR(VLOOKUP(A37,'EMPLOYEE MASTER'!A:D,2,FALSE),"") | C37: =IFERROR(VLOOKUP('leave summary'!A37,'EMPLOYEE MASTER'!$A$2:$C$41,3,0),"")
B38: =IFERROR(VLOOKUP(A38,'EMPLOYEE MASTER'!A:D,2,FALSE),"") | C38: =IFERROR(VLOOKUP('leave summary'!A38,'EMPLOYEE MASTER'!$A$2:$C$41,3,0),"")
B39: =IFERROR(VLOOKUP(A39,'EMPLOYEE MASTER'!A:D,2,FALSE),"") | C39: =IFERROR(VLOOKUP('leave summary'!A39,'EMPLOYEE MASTER'!$A$2:$C$41,3,0),"")
B40: =IFERROR(VLOOKUP(A40,'EMPLOYEE MASTER'!A:D,2,FALSE),"") | C40: =IFERROR(VLOOKUP('leave summary'!A40,'EMPLOYEE MASTER'!$A$2:$C$41,3,0),"")
